mfcc,labels,label_names
"tensor([[[-1.2224e+02, -2.1454e+02, -1.7887e+02,  ..., -1.7471e+02,
          -1.4366e+02, -1.7174e+02],
         [ 5.1324e+01,  1.3270e+02,  1.1964e+02,  ...,  1.0479e+02,
           1.1281e+02,  9.8372e+01],
         [ 7.4463e+01,  4.2071e+01,  2.3759e+01,  ...,  1.6319e+01,
           2.6568e+01,  4.8387e+01],
         ...,
         [ 4.8830e+00,  1.9493e+00, -5.8134e+00,  ..., -1.4035e+00,
          -4.2300e-02,  1.8365e+00],
         [ 3.7184e+00, -7.7442e+00, -2.3420e+00,  ...,  3.2183e+00,
           4.3349e+00,  1.3732e+00],
         [-2.2221e+00, -1.0381e+01, -5.5121e+00,  ...,  8.7456e+00,
           1.0935e+01,  1.3555e+00]]])","['/m/02bxd', None, None, None, None]","['Didgeridoo', None, None, None, None]"
"tensor([[[121.8208, 122.7612, 126.9822,  ...,  91.7460, 110.3687,  73.2721],
         [ 35.7771,  33.7168,  35.9164,  ...,  45.8649,  37.4956,  49.9428],
         [ -1.0717,  -8.1450,  -2.2824,  ...,  15.2054,   9.7373,  24.8188],
         ...,
         [ -4.4243,  -0.7364,   3.1162,  ...,  -1.0597,   3.9189,  -0.4333],
         [  9.3649,   0.2823,  -1.4108,  ...,  -2.8961,   3.7945,   0.5221],
         [  2.4766,  -2.3191,  -7.2747,  ...,  -7.0767,  -1.4345,   5.0793]]])","[None, None, None, None, None]","[None, None, None, None, None]"
"tensor([[[ -9.5719, -10.7635,  -8.7156,  ...,  71.7729,  65.8720,  67.1514],
         [ 50.0308,  49.1937,  51.2479,  ...,  31.1193,  40.6439,  45.8241],
         [ 33.9445,  23.2717,  25.1820,  ...,  20.9348,   6.2939,   8.3573],
         ...,
         [ -2.5849,   5.0263,   1.7419,  ...,  -0.6899,   1.4986,   6.2376],
         [  4.6329,   2.1474,   2.2781,  ...,  -0.5448,   1.3236,   3.7542],
         [ -2.4636,  -1.7536,  -6.8781,  ...,   4.0009,   4.3238,  -1.3958]]])","[None, None, None, None, '/t/dd00031']","[None, None, None, None, 'Happy music']"
"tensor([[[-1.3572e+02, -1.4429e+02, -1.4915e+02,  ..., -1.1659e+02,
          -1.2089e+02, -1.1071e+02],
         [ 1.9852e+01,  4.1949e+01,  4.3675e+01,  ...,  5.1509e+01,
           5.0293e+01,  3.4135e+01],
         [-1.7712e+01, -9.2624e+00, -2.8827e+00,  ...,  7.7888e+00,
           4.7396e+00, -1.1759e+00],
         ...,
         [ 9.4455e+00,  1.9457e+01,  2.5462e+01,  ...,  1.4471e+01,
           1.5314e+01,  1.1839e+01],
         [-7.4892e+00, -1.4106e+01, -1.1177e+01,  ..., -7.1610e+00,
          -1.1892e+01,  5.1491e-03],
         [ 9.7783e+00,  8.2094e+00,  1.0031e+01,  ..., -8.2628e-01,
          -1.5246e+00,  8.4602e+00]]])","[None, None, None, None, '/t/dd00037']","[None, None, None, None, 'Scary music']"
"tensor([[[  17.7789,   14.5688,    2.0099,  ..., -221.5072, -224.8996,
          -233.2692],
         [  35.0378,   37.8770,   41.2632,  ...,   46.7766,   44.8106,
            49.9433],
         [   9.6424,   16.5330,   25.2281,  ...,   19.6853,   17.7043,
            20.2040],
         ...,
         [   6.5126,    1.9114,   -0.7068,  ...,   -5.9186,   -1.7895,
             4.4231],
         [   1.7964,   -1.7115,    6.2504,  ...,   -3.5079,    0.9685,
             3.5240],
         [   0.9824,   -1.7830,    3.6655,  ...,   -1.9782,    0.9617,
             2.4845]]])","['/m/02bxd', None, None, None, None]","['Didgeridoo', None, None, None, None]"
"tensor([[[ 4.5407e+01,  3.4634e+01,  3.0799e+01,  ...,  5.4792e+01,
           4.3711e+01,  5.1664e+01],
         [ 1.3265e+01,  9.9262e+00,  1.2330e+01,  ...,  1.4096e+01,
           5.9253e+00,  1.0446e+01],
         [ 1.8522e-02, -5.1100e+00, -1.3237e-02,  ...,  1.5462e+01,
           1.0150e+00,  3.4340e+00],
         ...,
         [ 4.7669e+00,  4.7316e+00, -3.5300e+00,  ..., -3.5918e+00,
          -4.0206e+00,  4.3412e+00],
         [-1.1418e+00, -6.4217e+00,  2.6929e+00,  ..., -1.7748e+00,
          -4.6093e+00,  2.4238e+00],
         [-1.0716e+01, -1.3762e+01, -1.2379e+01,  ..., -8.1879e+00,
          -7.5565e+00,  4.3496e+00]]])","[None, None, None, None, '/t/dd00032']","[None, None, None, None, 'Funny music']"
"tensor([[[-2.3679e+02, -2.3357e+02, -2.3208e+02,  ..., -1.1843e+02,
          -1.2342e+02, -9.5518e+01],
         [ 3.4266e+01,  3.9716e+01,  4.0646e+01,  ...,  8.0755e+01,
           8.2969e+01,  7.8106e+01],
         [-3.4888e+01, -2.5609e+01, -2.9308e+01,  ..., -3.1352e+01,
          -2.8474e+01, -3.0287e+01],
         ...,
         [-7.6391e+00, -3.5465e+00, -5.0755e+00,  ...,  8.5005e+00,
           9.3938e+00,  1.5327e+01],
         [ 5.3866e+00,  8.6122e+00,  3.9383e+00,  ..., -3.0000e+00,
          -3.7546e+00, -7.1070e-01],
         [ 1.8167e-01, -4.3082e+00, -6.8711e+00,  ..., -1.9953e+01,
          -2.2861e+01, -1.0533e+01]]])","[None, None, None, None, None]","[None, None, None, None, None]"
"tensor([[[121.1427, 122.3516, 127.1182,  ...,  52.6512,  54.0285,  58.6998],
         [  1.9980,   2.2415,  11.6662,  ...,  67.0849,  62.0369,  60.9139],
         [  6.4991,  -6.2677,   2.4461,  ...,  -4.3295,  -2.5549,   7.7080],
         ...,
         [ -3.2167,  -9.4992,  -9.3401,  ...,  -0.2677,   1.5999,  -0.4913],
         [  0.3856,  -9.9091, -11.2111,  ...,  -2.8217,  -7.4624,  -7.2119],
         [ -7.5627,  -4.1073,  -6.8662,  ...,  -7.6254,  -4.3699,  -3.4435]]])","[None, '/m/06by7', None, None, None]","[None, 'Rock music', None, None, None]"
"tensor([[[ -5.8278,  -6.9236,  -1.6982,  ...,  21.9131,   6.7817,   5.3566],
         [ 54.4783,  54.5219,  50.7411,  ...,  26.9192,  38.2261,  38.2784],
         [ 25.3252,  23.3622,  12.1046,  ...,  -7.0850, -14.5253, -30.9393],
         ...,
         [ 16.2910,  16.5575,  15.4802,  ...,  -3.5064,  -3.1824,  -2.1064],
         [ 11.3153,   2.5577,   0.0724,  ...,  -0.9220,   6.3927,  10.1276],
         [ -3.0140,  -0.4289,   0.5600,  ...,  -1.3259,   8.8576,  12.2104]]])","[None, '/m/02lkt', None, None, None]","[None, 'Electronic music', None, None, None]"
"tensor([[[ 37.0099,  13.6304,   4.2928,  ...,  51.5805,  -0.2598,   8.3401],
         [ 26.4847,  19.3461,  16.8967,  ...,  26.5948,  24.3204,  51.0914],
         [-27.2824, -21.0265, -20.9874,  ...,  -3.0202,   2.6758,  15.5913],
         ...,
         [ -0.9205,  -8.6030,  -2.2762,  ..., -19.1917, -13.6513,  -8.1375],
         [  8.2850,  10.0469,  15.0999,  ...,  -6.3495,  -3.0422,  -4.9523],
         [ 15.9424,  11.0263,  21.9373,  ...,   4.8978,  13.4807,   2.8766]]])","['/m/0fx80y', None, None, None, None]","['Plucked string instrument', None, None, None, None]"
"tensor([[[-130.8284,  -95.0501,  -78.3521,  ..., -146.3509, -142.5927,
          -132.4735],
         [  43.3946,   45.3580,   42.5829,  ...,   65.4308,   64.3986,
            60.8485],
         [  26.8535,   27.5935,   20.2282,  ...,   40.8306,   29.8110,
            39.6462],
         ...,
         [  11.1045,   -7.3557,   -9.8843,  ...,    6.2990,    2.2880,
             0.5081],
         [  -1.5226,  -12.8424,   -7.5740,  ...,   -3.2939,   -5.6226,
            -2.8086],
         [   3.0732,   -7.1131,  -11.1992,  ...,  -13.5846,  -10.3114,
             3.7682]]])","[None, None, None, None, None]","[None, None, None, None, None]"
"tensor([[[ 1.7089e+00, -2.9787e+01,  6.1098e+00,  ..., -3.4407e+02,
          -3.4407e+02, -3.4407e+02],
         [ 4.8621e+01,  4.6506e+01,  5.9236e+01,  ...,  8.1068e-06,
           8.1068e-06,  8.1068e-06],
         [ 8.5283e-01,  3.1778e+00, -1.8448e+01,  ..., -2.5455e-05,
          -2.5455e-05, -2.5455e-05],
         ...,
         [ 5.8478e+00,  2.0452e+00, -2.2873e+00,  ...,  1.0807e-04,
           1.0807e-04,  1.0807e-04],
         [-3.8028e+00, -5.8669e+00, -9.3124e+00,  ..., -6.1183e-05,
          -6.1183e-05, -6.1183e-05],
         [ 7.4454e+00, -3.5162e+00,  5.4168e+00,  ..., -1.9413e-05,
          -1.9413e-05, -1.9413e-05]]])","[None, None, None, None, None]","[None, None, None, None, None]"
"tensor([[[-6.2608e+00, -1.7781e+00,  4.9415e-02,  ...,  5.7229e+01,
           4.7626e+01,  5.1606e+01],
         [ 2.2709e+01,  2.6371e+01,  2.5446e+01,  ...,  1.6931e+01,
           2.0786e+01,  2.9169e+01],
         [ 2.6299e+00, -6.0703e+00, -4.5362e+00,  ...,  1.8796e+00,
          -2.1180e+00, -3.4877e-02],
         ...,
         [ 4.0891e+00, -2.4808e+00, -2.9330e-01,  ..., -3.2365e+00,
          -2.8774e+00, -2.0842e-02],
         [ 4.9283e+00, -1.4902e+00,  2.9502e+00,  ..., -2.2677e+00,
           2.2355e+00,  6.0817e+00],
         [ 5.7863e-01, -5.0989e+00, -3.8311e+00,  ..., -9.3458e+00,
          -8.7450e+00, -6.2526e+00]]])","['/m/05pd6', None, None, None, None]","['Orchestra', None, None, None, None]"
"tensor([[[ 8.7970e+01,  6.9063e+01,  5.7411e+01,  ..., -2.9552e+02,
          -2.9552e+02, -2.9552e+02],
         [ 3.5465e+01,  3.2239e+01,  3.3186e+01,  ...,  1.6013e-05,
           1.6013e-05,  1.6013e-05],
         [-2.0879e+01, -1.8624e+01, -3.7290e+00,  ..., -8.8368e-06,
          -8.8368e-06, -8.8368e-06],
         ...,
         [ 4.5034e+00,  6.5285e+00, -1.7636e+00,  ...,  9.4387e-05,
           9.4387e-05,  9.4387e-05],
         [ 5.9674e+00,  8.4506e+00,  4.1593e+00,  ..., -5.1958e-05,
          -5.1958e-05, -5.1958e-05],
         [ 1.8651e+00,  5.3563e+00,  7.0061e+00,  ..., -1.7497e-05,
          -1.7497e-05, -1.7497e-05]]])","[None, None, None, None, None]","[None, None, None, None, None]"
"tensor([[[  33.7821,   30.7603,   34.4070,  ..., -211.4288, -209.3735,
          -199.8508],
         [  49.6982,   57.5738,   53.6145,  ...,   72.9420,   75.8031,
            79.6190],
         [ -10.6997,  -12.0280,   -4.0678,  ...,   38.4954,   40.7666,
            33.8680],
         ...,
         [   6.9624,   -6.6566,    1.1954,  ...,   -0.4672,    2.3502,
             0.8242],
         [   1.5922,    3.9313,    4.0904,  ...,    0.2448,    1.0831,
             1.2720],
         [   2.0511,   -6.0632,   -6.3942,  ...,   -2.4437,   -2.5477,
             1.6877]]])","[None, None, None, None, None]","[None, None, None, None, None]"
"tensor([[[-115.8887, -117.5299, -117.3124,  ..., -111.9728, -111.2201,
          -118.1984],
         [  29.9811,   21.9341,   29.4821,  ...,   15.3516,   13.1758,
            16.1531],
         [  -1.6173,   -2.7756,    7.8727,  ...,   -0.8482,   -2.3805,
             3.8176],
         ...,
         [  -3.6963,   -1.8564,   -1.7467,  ...,    3.0119,   -0.6602,
            -2.0664],
         [   3.4972,    0.6057,   -0.4202,  ...,   -0.2985,    0.3667,
            -4.9223],
         [   8.2351,   -3.1437,    1.6651,  ...,   -2.3838,    0.9296,
            10.6929]]])","[None, None, None, None, None]","[None, None, None, None, None]"
"tensor([[[ 75.1699,  86.5844,  87.8658,  ...,  36.4795,  50.7771,  56.0339],
         [ 12.9156,  24.3809,  29.8704,  ...,  36.8555,  32.3865,  18.9780],
         [ -9.6422,  11.8403,   8.2824,  ...,  29.5982,  14.4415,   8.9786],
         ...,
         [ 14.0596,   4.2527,   0.9479,  ...,   1.1293,   0.1286,  -3.6541],
         [  0.6581,  -9.1918,  -3.8247,  ...,   1.6544,  -2.9022,   8.0964],
         [-14.8202,  -8.6685,  -0.5729,  ...,  -2.5920,   4.2540,   7.3057]]])","[None, '/m/064t9', None, None, None]","[None, 'Pop music', None, None, None]"
"tensor([[[77.0200, 76.6585, 75.2684,  ..., 66.4623, 68.9596, 80.3016],
         [39.7802, 43.3953, 47.1063,  ..., 34.6608, 33.5167, 28.9245],
         [-4.9640, -7.1008,  0.6775,  ...,  2.4942,  7.0839,  1.5768],
         ...,
         [-2.1880, -1.8111,  1.9465,  ..., 11.5195, 11.8891, 10.6368],
         [ 1.4961,  7.7575,  5.2904,  ..., 11.5051,  6.9442,  2.7624],
         [17.0936,  9.4651,  7.5460,  ...,  0.9094, -2.3648, -0.2214]]])","[None, None, None, '/m/0ggx5q', None]","[None, None, None, 'Dance music', None]"
"tensor([[[-27.2901, -53.9947, -58.2472,  ...,  20.7223,  24.3002,  16.3303],
         [ 57.7199,  67.3278,  72.5245,  ...,  44.6653,  51.0852,  45.0509],
         [ 13.0329, -17.4913,  -6.4350,  ...,  -5.3913, -11.3801, -23.0375],
         ...,
         [ -5.6683, -11.2771, -13.3605,  ...,  -2.6841,  -3.4137,   3.8243],
         [-15.4273, -18.0398, -14.8109,  ..., -15.7571, -10.1748,  -7.4721],
         [ -0.6239,  -1.3971,  -1.8614,  ...,  -4.6169,  -3.5340,   0.4114]]])","[None, None, None, None, None]","[None, None, None, None, None]"
"tensor([[[90.5282, 82.5205, 76.0996,  ..., 53.1915, 53.4791, 43.3905],
         [56.3623, 74.7261, 87.1133,  ..., 51.1559, 51.7634, 39.8984],
         [ 3.4543, -5.3439,  5.7334,  ...,  6.5234,  4.2612,  2.1821],
         ...,
         [ 1.3981, -4.1750, -2.9559,  ..., -2.7598, -0.8462,  3.7376],
         [-4.0120,  0.2890, -3.9778,  ...,  5.6778,  8.4918,  9.3960],
         [-1.2483, -1.1555, -4.2096,  ...,  3.9007,  4.4577,  6.3213]]])","[None, None, None, None, None]","[None, None, None, None, None]"
"tensor([[[-3.1696e+02, -3.1696e+02, -3.1696e+02,  ...,  5.0511e+01,
           4.6361e+01,  3.9839e+01],
         [ 1.1114e-05,  1.1114e-05,  1.1114e-05,  ...,  2.3649e+01,
           2.5499e+01,  1.7638e+01],
         [-2.4614e-05, -2.4614e-05, -2.4614e-05,  ..., -2.0039e+01,
          -2.2312e+01, -1.7988e+01],
         ...,
         [ 9.7071e-05,  9.7071e-05,  9.7071e-05,  ..., -5.5701e+00,
          -6.1648e-02, -2.7224e+00],
         [-5.7156e-05, -5.7156e-05, -5.7156e-05,  ..., -2.7473e+00,
           3.7268e-01, -1.0339e+01],
         [-1.7811e-05, -1.7811e-05, -1.7811e-05,  ..., -3.1202e+00,
          -3.7422e+00, -8.4957e+00]]])","[None, '/m/06cqb', None, None, None]","[None, 'Reggae', None, None, None]"
"tensor([[[ 9.3134e+01,  9.4529e+01,  9.7311e+01,  ..., -5.6990e+01,
          -5.2437e+01, -5.0170e+01],
         [ 5.0334e+01,  5.3405e+01,  5.4902e+01,  ...,  6.6339e+01,
           7.4372e+01,  7.1451e+01],
         [-1.0705e+00, -1.0534e+01, -1.4764e+01,  ..., -3.0588e+00,
          -1.3459e-02, -7.8999e+00],
         ...,
         [-1.7433e-01, -8.5984e+00, -8.8813e+00,  ..., -5.9402e+00,
          -9.7651e+00, -2.0442e+00],
         [-5.5778e+00, -4.2250e+00, -5.4111e+00,  ...,  8.7502e-01,
           1.1130e+00, -1.3717e+00],
         [ 5.1490e+00,  4.2633e+00, -1.3760e-01,  ..., -2.5165e+00,
           1.5207e+00, -1.6758e+00]]])","[None, None, None, None, '/t/dd00033']","[None, None, None, None, 'Sad music']"
"tensor([[[  3.8476,  -3.8126,  -1.0349,  ..., -62.8201, -46.7414, -22.1036],
         [ 17.9237,   9.2845,   6.7351,  ...,  21.9760,  27.1268,  40.6284],
         [-28.2252, -42.0246, -38.7129,  ..., -31.5085, -33.7733, -24.8354],
         ...,
         [  3.3760,  -6.6722,  -2.3929,  ...,  -7.6379,  -8.7316,  -1.3408],
         [ -4.4879,  -1.2647,   1.8912,  ...,   3.0701,   7.6556,  -3.1334],
         [  5.8465,   8.7201,   8.3464,  ...,   3.9215,   8.7604,   7.1417]]])","[None, '/m/0y4f8', None, None, None]","[None, 'Vocal music', None, None, None]"
"tensor([[[-10.5868,  -7.4996, -12.2516,  ..., -53.9913, -51.9495, -48.7055],
         [ 53.0606,  69.8791,  63.6748,  ...,  75.8243,  81.6587,  65.1537],
         [ -8.3233,  -9.2597, -12.3289,  ..., -20.1521, -19.6024, -17.6177],
         ...,
         [-12.6111, -11.1613,  -4.8944,  ..., -12.2931, -10.1537, -10.5276],
         [ -9.2179,   0.6950,   3.0525,  ...,   4.8790,   9.3817,   1.2751],
         [  1.3494,  -1.8915,  -5.1899,  ...,  -0.1374,   7.5393,   7.7112]]])","[None, None, None, None, None]","[None, None, None, None, None]"
"tensor([[[  40.8741,   50.4465,   47.3100,  ..., -190.4937, -189.6363,
          -172.9113],
         [  17.2752,   25.1394,   15.8776,  ...,   96.4855,   96.2286,
            95.9299],
         [  -6.8292,    0.2450,   -2.9522,  ...,   50.1946,   48.2507,
            29.1306],
         ...,
         [   3.2027,   -6.4539,  -10.0827,  ...,   -4.5364,   -5.1242,
            -4.2007],
         [   6.2609,    1.2073,   -0.1969,  ...,   -3.3142,   -4.1082,
            -6.8809],
         [   1.4805,   -3.2551,   -2.9378,  ...,   -1.5645,   -4.2416,
            -1.3085]]])","[None, '/m/064t9', None, None, None]","[None, 'Pop music', None, None, None]"
"tensor([[[ 45.5551,  38.7096,  36.7121,  ...,  14.6591,  16.1297,  13.5508],
         [ 33.1976,  39.6211,  41.7303,  ...,  59.0365,  58.9713,  59.3405],
         [-12.4205,  -1.0079,   5.0657,  ...,  22.8710,  25.4062,  27.5551],
         ...,
         [-14.6223,  -9.1506, -13.2618,  ...,  -3.9623,  -2.3470,   1.0796],
         [ -6.9004,  -5.9773,  -8.6645,  ...,  -3.0709,  -9.8483,  -9.2441],
         [  3.4158,   3.4736,   8.0965,  ...,  -1.2373,  -3.9285,  -2.3601]]])","[None, None, None, None, None]","[None, None, None, None, None]"
"tensor([[[-3.2468e+02, -1.8402e+02, -7.8338e+01,  ..., -3.5474e+02,
          -3.5474e+02, -3.5474e+02],
         [ 2.3489e+01,  1.1873e+02,  2.6021e+01,  ...,  2.8801e-05,
           2.8801e-05,  2.8801e-05],
         [-1.0819e+01, -2.4894e+01,  9.9907e+00,  ..., -2.2183e-05,
          -2.2183e-05, -2.2183e-05],
         ...,
         [ 4.2554e+00,  1.3131e+01,  6.4897e+00,  ...,  1.0856e-04,
           1.0856e-04,  1.0856e-04],
         [-1.3473e+00,  6.6770e+00, -1.6513e+00,  ..., -6.3565e-05,
          -6.3565e-05, -6.3565e-05],
         [-4.7221e+00, -6.3333e+00,  7.8947e+00,  ..., -2.2717e-05,
          -2.2717e-05, -2.2717e-05]]])","[None, None, None, None, None]","[None, None, None, None, None]"
"tensor([[[-115.9597, -110.6982, -111.0327,  ...,  -27.7562,  -33.8816,
           -37.6112],
         [  41.0042,   54.7819,   44.1235,  ...,   27.7694,   32.5464,
            27.7164],
         [   1.2029,   -2.5794,    1.9857,  ...,    3.7504,    4.5748,
             0.3407],
         ...,
         [  -6.8266,   -1.6972,   -1.5450,  ...,    5.4363,    4.0066,
             0.6182],
         [   0.2053,    3.6956,   -4.8152,  ...,    2.4810,    8.1275,
             2.7888],
         [   7.7201,    5.8536,    0.8238,  ...,   -1.5822,    3.5734,
            -4.2423]]])","[None, None, None, None, None]","[None, None, None, None, None]"
"tensor([[[ -93.8380, -110.6567, -113.6239,  ...,    3.9613,   26.4374,
            14.5275],
         [  52.2534,   35.9385,   37.3893,  ...,   59.2971,   47.5183,
            52.9872],
         [  -4.6572,  -30.4589,  -23.1816,  ...,   29.9640,   26.8674,
            22.5865],
         ...,
         [  -4.9748,   -4.5055,   -6.6693,  ...,    1.4336,   -1.9245,
           -10.5482],
         [  11.3975,   13.8639,   13.8837,  ...,    7.0410,    4.8036,
             5.6393],
         [   9.6024,   13.4028,   12.2232,  ...,   -0.3177,    4.8119,
             3.9571]]])","[None, None, None, None, None]","[None, None, None, None, None]"
"tensor([[[ -53.5964,   -5.8677,   -8.0492,  ..., -160.0107,  -76.7351,
           -39.4372],
         [   3.7408,    4.8392,   -5.0641,  ...,   56.3061,   30.0682,
            41.5598],
         [ -12.1511,  -13.3184,  -14.3780,  ...,   -6.9757,  -14.5195,
           -16.7590],
         ...,
         [  -0.2131,   -7.3595,   -6.6699,  ...,    5.3847,    7.1301,
            20.0787],
         [   0.4499,   -6.4296,  -11.3966,  ...,    5.4104,    0.5715,
             9.8232],
         [   2.3886,    3.3826,    2.0815,  ...,   -0.6500,   -3.7916,
             4.4753]]])","[None, None, None, None, None]","[None, None, None, None, None]"
"tensor([[[-2.6642e+02, -2.6642e+02, -2.6642e+02,  ...,  8.7638e+01,
           9.0831e+01,  8.7438e+01],
         [ 3.4093e-07,  3.4093e-07,  3.4093e-07,  ...,  2.4221e+01,
           2.1745e+01,  2.3485e+01],
         [-1.6300e-05, -1.6300e-05, -1.6300e-05,  ...,  2.6387e+01,
           1.2909e+01,  1.7027e+01],
         ...,
         [ 8.3597e-05,  8.3597e-05,  8.3597e-05,  ...,  9.2447e+00,
           6.8229e+00,  1.3694e+01],
         [-4.8047e-05, -4.8047e-05, -4.8047e-05,  ...,  8.0809e+00,
           1.1833e+01,  1.3521e+01],
         [-1.7428e-05, -1.7428e-05, -1.7428e-05,  ..., -9.8495e-01,
           7.4968e-01, -3.4439e-01]]])","[None, None, None, None, None]","[None, None, None, None, None]"
"tensor([[[ -90.4342, -109.4618, -121.0660,  ..., -117.5546, -103.1955,
           -88.4908],
         [  48.6645,   55.7931,   52.0908,  ...,   49.4950,   41.5306,
            32.7585],
         [ -36.2911,  -51.3129,  -54.5527,  ...,  -43.5123,  -54.9752,
           -31.6353],
         ...,
         [   8.1045,    1.7416,   -1.0699,  ...,   -2.8195,   -2.3749,
            -4.4577],
         [   2.3504,   -7.4933,   -3.2735,  ...,   -5.1444,   -5.5650,
            -8.6798],
         [  -6.9255,   -5.1032,    0.9675,  ...,   -5.0051,    2.3407,
            -2.7692]]])","[None, '/m/0y4f8', None, None, None]","[None, 'Vocal music', None, None, None]"
"tensor([[[ 1.7913e+01, -6.3603e+01, -6.1904e+01,  ..., -1.0391e+02,
          -1.0510e+02, -1.4944e+01],
         [-6.0683e-01,  5.1029e+01,  5.4760e+01,  ...,  4.6599e+01,
           4.9565e+01, -9.8572e+00],
         [-2.3943e+01, -1.0494e+02, -9.3667e+01,  ..., -8.0656e+01,
          -8.0060e+01, -2.8654e+01],
         ...,
         [-6.0682e+00, -1.0893e+01, -1.4959e+01,  ..., -4.5201e+00,
          -7.9891e+00,  4.3055e+00],
         [-1.7894e+01, -1.5822e+01, -2.0424e+01,  ..., -1.5964e+01,
          -1.7049e+01, -3.8499e+00],
         [ 8.6954e+00,  5.9249e-02, -1.7442e-01,  ..., -3.6349e+00,
          -3.4995e+00,  7.5127e+00]]])","[None, None, None, None, None]","[None, None, None, None, None]"
"tensor([[[ 35.7878,  46.2089,  39.4887,  ...,  46.6053,  49.5778,  44.9704],
         [ 31.8734,  44.1765,  43.0963,  ...,  23.5674,  26.1346,   8.1162],
         [ -8.6197,  -9.4463, -14.5223,  ...,  -8.6630,  -3.9803, -15.3300],
         ...,
         [ -3.1102,  -5.4529,  -2.6151,  ..., -10.1173,  -9.6560,  -4.2237],
         [ -0.3279,  -0.2554,  -1.7097,  ...,   5.9929,   3.9256,  10.2397],
         [ -4.5219,  -6.6400,  -7.9795,  ...,   5.0612,   7.9751,  10.1709]]])","[None, '/m/06by7', None, None, None]","[None, 'Rock music', None, None, None]"
"tensor([[[-1.0841e+01, -2.5694e+01, -2.8934e+01,  ..., -3.6061e+02,
          -3.6546e+02, -3.6561e+02],
         [ 3.3178e+01,  5.3188e+01,  5.5643e+01,  ..., -9.9712e+00,
          -1.7295e+01, -1.3323e+01],
         [-2.8681e+01, -3.7448e+01, -3.8338e+01,  ..., -1.7147e+00,
          -4.6866e+00, -2.6219e+00],
         ...,
         [-9.6417e+00, -1.2130e+01, -1.0505e+01,  ...,  6.3172e+00,
          -3.0985e-01,  5.5524e-01],
         [ 2.5229e+00,  4.3135e+00,  3.8344e+00,  ..., -1.6091e+00,
           9.3262e-01, -2.8916e+00],
         [ 8.7964e+00, -1.0507e+00, -1.3829e+00,  ..., -9.2724e-01,
          -1.9781e+00,  2.9094e+00]]])","['/m/0fx80y', None, None, None, None]","['Plucked string instrument', None, None, None, None]"
"tensor([[[-4.6439e+01, -2.4155e+01, -2.4156e+01,  ...,  2.7781e+01,
           2.1371e+01,  2.0020e+01],
         [ 3.1652e+01,  4.3639e+01,  4.0689e+01,  ...,  4.4759e+01,
           4.0903e+01,  5.2049e+01],
         [-4.3616e+00, -1.5802e+01, -2.4993e+01,  ..., -5.0548e+00,
          -2.5318e+01, -2.3617e+01],
         ...,
         [ 2.5175e+00, -3.8203e+00,  1.1213e+01,  ...,  4.7385e+00,
           5.7397e+00, -2.4993e+00],
         [-7.3426e+00,  8.2637e-02, -2.9018e+00,  ..., -4.0667e-02,
           1.3000e+00, -4.7833e+00],
         [-7.2596e+00, -9.6892e+00, -1.1521e+01,  ...,  1.3617e+00,
           1.9111e+00, -3.5994e+00]]])","[None, None, None, '/m/03r5q_', None]","[None, None, None, 'Jingle (music)', None]"
"tensor([[[-51.5459, -84.0933, -95.2776,  ...,  -6.1391,  -2.4007,  24.2600],
         [ 75.4852,  70.3344,  77.6773,  ...,  24.9139,  24.3582,  41.9557],
         [  5.3480,  -2.0167,  -0.9867,  ..., -18.0586, -15.3925,   2.5308],
         ...,
         [-13.8453, -19.4242, -17.1234,  ...,  -4.7099,  -4.5081,  -1.1612],
         [ -2.4981, -10.0280, -13.4943,  ..., -22.9496, -19.2941,  -8.8663],
         [  1.5428,  -1.3766,  -5.1644,  ..., -11.9398, -10.5576,  -2.0470]]])","['/m/05pd6', '/m/0ggq0m', None, None, None]","['Orchestra', 'Classical music', None, None, None]"
"tensor([[[ 78.6171,  75.3815,  72.6982,  ...,  43.8300,  51.0844,  49.6420],
         [  4.6051,   1.4048,  -6.1633,  ...,  16.5379,  22.2439,  23.8075],
         [  9.3178,  21.3657,  17.6032,  ...,  10.7656,  10.0825,   8.1229],
         ...,
         [ -4.7252,  -6.8109,  -1.4975,  ...,   1.6731,  -2.2027, -10.5439],
         [  0.2362,   0.8862,   0.8499,  ...,   8.8622,   8.5140,   7.9020],
         [ -7.1180,   2.1052,   3.1327,  ...,  -1.3423,  -2.8427,   7.6895]]])","[None, '/m/06by7', None, None, None]","[None, 'Rock music', None, None, None]"
"tensor([[[ -49.5839,  -68.5745, -102.9956,  ...,  -12.0497,   -9.4696,
            -6.5414],
         [  71.1340,   68.4035,   69.7078,  ...,   41.1003,   44.3832,
            35.8953],
         [  -4.5505,    1.2170,    9.0266,  ...,   19.7341,   18.0349,
            10.5762],
         ...,
         [   6.1201,   11.2543,    7.3683,  ...,    3.5303,    8.9173,
            -0.7332],
         [   4.8651,    8.6118,    0.2438,  ...,  -17.8596,  -20.5673,
           -14.2426],
         [  -6.8853,   -9.1694,   -4.7536,  ...,    2.1414,   -0.3695,
             4.2234]]])","[None, None, None, None, '/t/dd00032']","[None, None, None, None, 'Funny music']"
"tensor([[[ 72.9670,  36.4232,  33.7924,  ...,  41.9237,  42.1740,  52.7225],
         [ 48.4809,  96.9909,  95.8030,  ...,  98.6915,  93.4031,  58.6106],
         [-20.7616, -79.9416, -79.4739,  ..., -78.7739, -83.8951, -41.9543],
         ...,
         [ -4.1313,   8.4405,   6.3998,  ...,   1.0719,   2.7287,  -5.9743],
         [  1.3236,  -5.2012, -12.0007,  ..., -13.6909, -14.1890, -11.1508],
         [ -3.0946,  -0.8699,  -4.5046,  ...,  -1.6772,  -2.4669,  -2.8605]]])","[None, None, None, None, None]","[None, None, None, None, None]"
"tensor([[[ 50.4364,  45.7181,  50.1557,  ...,  25.7515,  16.0567,  23.9405],
         [  4.5678,   8.0828,  16.7893,  ...,  14.5933,  13.5211,  27.4836],
         [ -1.4629,   1.1406,   9.4288,  ..., -28.6962, -26.1118, -13.4660],
         ...,
         [ -9.3322,  -6.4584,  -1.4437,  ..., -10.9948,  -7.7940,   4.9673],
         [ -0.8210,  -4.0186,  -0.5008,  ...,  -7.3453,  -6.3225,  -7.4278],
         [  0.2977,  -0.3381,  -0.0887,  ...,  -9.9331, -13.9922, -14.6149]]])","[None, None, None, None, None]","[None, None, None, None, None]"
"tensor([[[ 24.9655,  20.6155,  14.9180,  ...,  18.1184,  14.9307,  14.0201],
         [ 45.4950,  44.5278,  41.0151,  ...,  23.6462,  24.9285,  23.1211],
         [ 12.8012,  10.1636,   6.9292,  ..., -15.0370, -19.6591, -21.4606],
         ...,
         [ -1.4214,   5.5120,  -4.1825,  ..., -12.4385, -15.1169,  -8.9161],
         [  0.8423,   2.5937,   2.2460,  ..., -17.1445, -16.8012, -15.5544],
         [ -6.1815,  -4.7712,  -5.5881,  ...,  -8.2112,  -6.0765, -10.9481]]])","['/m/0fx80y', None, None, None, None]","['Plucked string instrument', None, None, None, None]"
"tensor([[[-21.9342, -21.4888, -12.7087,  ..., -22.9826, -27.1385, -17.6619],
         [ 17.5069,  21.5849,  25.8703,  ...,  40.8329,  41.1382,  35.4657],
         [-12.6979, -15.9298, -17.9564,  ..., -11.0705, -10.6254,  -2.5637],
         ...,
         [  0.9596,  -0.1613,  -3.7100,  ...,  -5.3662,  -0.9720,  -9.6074],
         [ -6.9335,  -1.4553,  -2.7672,  ...,   5.3958,   3.8399,   2.8581],
         [  5.7962,   7.2412,  -5.2509,  ...,  -2.4410,  -0.3111,  -0.8958]]])","[None, None, None, '/m/04wptg', None]","[None, None, None, 'Wedding music', None]"
"tensor([[[144.5184, 148.3329, 140.7720,  ..., 137.4247, 132.8652, 110.5942],
         [ 23.4579,  30.7570,  18.4200,  ...,  35.0867,  36.9262,  43.3814],
         [-17.9135, -12.8133, -13.2706,  ...,  -4.6204,   0.6547,  21.8867],
         ...,
         [ -3.1961,  -3.1089,  -4.4359,  ...,  -2.9994,   1.6675,   4.1069],
         [  2.5838,   3.7938,   6.3514,  ...,   1.4052,   1.5334,   6.9361],
         [ -1.8235,  -2.3535,   9.7771,  ...,  -0.8668,   0.2821,  -5.7014]]])","[None, None, None, None, None]","[None, None, None, None, None]"
"tensor([[[ -7.0142, -31.2074, -41.2543,  ..., -22.0086, -37.1498, -47.7799],
         [ 14.1927, -10.5884,   4.5758,  ...,  -1.7668,   7.0551,  15.2482],
         [  2.2104, -23.5321,  -6.2781,  ..., -10.6634,  -6.4457,   0.9578],
         ...,
         [  1.6100,   3.5487,   0.5295,  ..., -11.0300,  -6.4898,  -8.2593],
         [  1.0366,   0.4849,  -0.3638,  ...,   1.1310,  -0.3641,   2.8834],
         [  1.0273,   6.1672,   3.1374,  ...,   5.9701,   5.4395,  -1.1593]]])","[None, None, None, None, None]","[None, None, None, None, None]"
"tensor([[[-1.5272e+02, -2.2008e+02, -2.1060e+02,  ..., -1.5891e+02,
          -1.6899e+02, -1.4533e+02],
         [ 3.2203e+01,  8.9088e+01,  1.0150e+02,  ...,  1.1270e+02,
           1.0777e+02,  5.5493e+01],
         [ 6.3294e+01,  2.6697e+01,  3.1620e+01,  ...,  1.1260e+01,
           6.5428e+00,  3.6207e+01],
         ...,
         [ 1.8507e-01, -1.1177e+00, -2.0856e+00,  ...,  8.0894e+00,
           8.8091e+00, -4.0246e+00],
         [-4.0784e+00, -1.8324e+00,  7.5148e-01,  ..., -2.9736e+00,
          -8.2022e+00,  3.8220e+00],
         [ 8.4671e-01,  4.8090e+00,  4.0007e+00,  ...,  6.5124e+00,
          -1.9509e-01,  1.0520e+01]]])","[None, None, None, None, None]","[None, None, None, None, None]"
"tensor([[[ 3.9978e+01,  3.8349e+01,  2.6649e+01,  ..., -1.2896e+02,
          -1.1911e+02, -1.6057e+02],
         [ 5.3324e-04,  1.0954e+01,  1.0143e+01,  ...,  2.0646e+01,
           1.9274e+01,  1.7754e+01],
         [-1.1017e+01, -8.1197e+00, -1.9104e+00,  ...,  4.9622e+00,
           2.1609e+01,  9.3470e+00],
         ...,
         [-1.0073e+01, -9.4071e+00, -1.6114e+01,  ..., -1.8612e+00,
          -6.0075e-01, -6.7225e+00],
         [ 1.5466e+01,  3.6142e+00,  5.3797e-02,  ...,  3.9822e+00,
           4.5794e+00,  1.3747e+01],
         [ 8.8739e+00,  1.2860e+00, -5.8680e+00,  ..., -3.3588e-01,
           9.3185e-01,  1.3992e+00]]])","[None, None, None, None, None]","[None, None, None, None, None]"
"tensor([[[ -6.6662, -30.4885, -33.5144,  ..., -27.4770, -28.4246,   4.5310],
         [ 37.2931,   6.3541,   5.0844,  ...,  -7.8318,  -7.7121,  22.5867],
         [-13.5626, -33.7115, -31.6747,  ..., -31.3528, -34.5711, -14.9649],
         ...,
         [  3.6010,   5.6231,   2.8464,  ...,   8.6070,  16.6319,   6.9288],
         [  3.8981,  12.0519,  15.2149,  ...,   5.0235,   4.1320,   3.8511],
         [  4.4967,  16.0891,   9.1901,  ...,   6.9777,  11.5546,   0.5581]]])","[None, '/m/06j64v', None, None, None]","[None, 'Middle Eastern music', None, None, None]"
"tensor([[[-3.9480e+02, -3.9480e+02, -3.9480e+02,  ..., -7.9111e+01,
          -8.5309e+01, -7.1135e+01],
         [ 1.7459e-05,  1.7459e-05,  1.7459e-05,  ...,  4.2036e+01,
           4.3514e+01,  5.7159e+01],
         [-2.2771e-05, -2.2771e-05, -2.2771e-05,  ..., -8.6897e+00,
          -1.0278e+01,  7.4271e-01],
         ...,
         [ 1.2670e-04,  1.2670e-04,  1.2670e-04,  ..., -1.1622e+01,
          -1.2886e+01, -1.2317e+01],
         [-7.1833e-05, -7.1833e-05, -7.1833e-05,  ...,  9.8415e+00,
           9.5477e+00,  7.4587e+00],
         [-2.2148e-05, -2.2148e-05, -2.2148e-05,  ...,  2.0271e+01,
           2.0904e+01,  8.1554e+00]]])","['/m/0fx80y', None, None, None, None]","['Plucked string instrument', None, None, None, None]"
"tensor([[[ 22.2641,  13.5202,   9.9858,  ...,  -6.0830,  -5.0218, -11.8328],
         [ 63.7892,  60.3107,  62.6551,  ..., -20.3436, -20.6632, -28.3692],
         [ -8.9875, -19.8195, -24.4687,  ...,   2.0454,   0.6156,  -7.4874],
         ...,
         [  4.2829,   8.2954,   1.5475,  ...,   1.0127,  -1.8609,   4.5596],
         [ -2.7431,   1.1980,   3.7923,  ...,  -0.8066,  -4.8839,   2.6717],
         [  4.9400,  11.8395,  11.3857,  ...,  -2.9200,  -7.1944,   0.4764]]])","[None, None, None, None, None]","[None, None, None, None, None]"
"tensor([[[ 14.7848,  20.7855,  15.6459,  ...,  88.7790,  96.3685,  98.7706],
         [ 47.9499,  51.1908,  43.1534,  ...,  -8.7469,   0.4428,   0.4084],
         [ 11.1871,   5.1716,  -2.4806,  ..., -11.2297,  -6.5359,  -5.0010],
         ...,
         [ -7.6145,  -2.0288,  -5.7601,  ...,  17.3002,   5.9329,   5.4843],
         [ -2.2320,  -4.5829,   2.0304,  ...,   9.8466,   5.2156,  -1.6377],
         [ -3.6823,  -4.1885,   2.0221,  ...,  -1.6839,   3.7916,  -1.7637]]])","[None, None, None, None, None]","[None, None, None, None, None]"
"tensor([[[ 39.3373,  24.5791,  20.7681,  ...,  66.0207,  60.6125,  46.5567],
         [ 52.8396,  65.6275,  68.3174,  ...,  49.8686,  52.9899,  51.8167],
         [-19.1701, -14.5641, -12.7021,  ...,  -6.9802,  -6.4701,   3.6774],
         ...,
         [  1.5444,  -0.5789,  -1.0841,  ...,  -2.2920,  -3.3423,  -4.5909],
         [  1.5542,   2.3284,   1.5676,  ...,  -4.8409,  -8.4222,  -8.2696],
         [ -4.6011,  -6.9598,  -7.7484,  ...,  -0.8477,   0.8598,   3.8286]]])","[None, None, None, None, None]","[None, None, None, None, None]"
"tensor([[[ 61.7426,  59.3964,  59.5434,  ..., -21.2656, -30.4006, -30.4395],
         [ 35.6514,  38.5433,  42.0675,  ...,  49.2604,  45.0222,  47.4951],
         [  1.9625,   5.8087,  11.7251,  ...,   5.2473,   4.5894,   4.4522],
         ...,
         [ 11.2893,   0.2861,   2.8005,  ..., -11.2693, -10.8702,  -7.2897],
         [ 17.2904,   2.4461,   4.8944,  ..., -10.5434,  -8.3431,  -1.6922],
         [ -1.7909, -20.7392, -22.5612,  ...,  -5.6172,  -7.2797, -11.2166]]])","[None, '/m/02mscn', None, '/m/0140xf', None]","[None, 'Christian music', None, 'Christmas music', None]"
"tensor([[[ 4.3178e+01,  5.5581e+01,  5.9648e+01,  ...,  1.7651e+01,
           1.1903e+01,  1.9370e+00],
         [ 4.9257e+01,  5.7554e+01,  5.5885e+01,  ...,  4.2428e+01,
           4.2385e+01,  4.8722e+01],
         [-1.1376e+01,  4.7491e+00, -6.5385e+00,  ...,  2.0619e+01,
           1.0526e+01,  2.5391e+01],
         ...,
         [-1.3381e+00, -3.9334e+00,  2.1635e-02,  ..., -1.0922e+01,
          -3.0122e+00, -1.4779e+00],
         [-4.3964e+00, -5.0019e+00, -2.0680e+00,  ...,  3.7783e+00,
           9.8629e+00,  4.0273e+00],
         [ 1.8702e+00, -7.5731e-01,  8.7869e+00,  ..., -1.1113e+01,
          -6.2044e+00, -1.0332e+01]]])","[None, None, None, None, None]","[None, None, None, None, None]"
"tensor([[[-3.9184e+00,  1.9663e-01, -9.6747e+00,  ...,  7.4049e+00,
           1.4339e+01, -5.7330e+00],
         [ 2.7834e+01,  3.4388e+01,  3.6030e+01,  ...,  3.9225e+01,
           4.6002e+01,  3.4266e+01],
         [ 1.3265e+01,  1.1858e+01,  1.6838e+01,  ...,  7.4388e+00,
          -3.8625e-02,  8.2411e+00],
         ...,
         [ 3.4157e+00,  1.3199e+00,  1.8501e+00,  ...,  9.3641e+00,
           5.3766e-01,  5.7918e+00],
         [ 8.5973e+00,  6.6965e+00, -1.2317e+00,  ...,  2.2057e+00,
          -1.1117e+00, -1.7456e+00],
         [ 7.2028e+00,  4.8549e+00, -3.0254e+00,  ..., -3.2059e+00,
           1.0248e+00, -2.8070e+00]]])","[None, None, None, None, None]","[None, None, None, None, None]"
"tensor([[[-71.6257, -74.4072, -58.0997,  ..., -62.1309, -10.8744, -51.3282],
         [ 64.3809,  72.8149,  68.6949,  ...,  66.0869,  35.9390,  54.4100],
         [ 26.8314,  21.2951,  19.4108,  ...,  16.6662,  12.1029,  18.9487],
         ...,
         [  1.4511,  -9.6213, -16.4786,  ...,   8.7648,  -1.7009,   3.5852],
         [ -6.1401,   3.3486,  -5.3805,  ...,   5.6479,  -1.1322,   0.9038],
         [ -0.9477, -19.0397, -13.2539,  ..., -10.8056,  -7.2598,  -5.2823]]])","[None, None, None, '/m/04wptg', None]","[None, None, None, 'Wedding music', None]"
"tensor([[[ -68.2087,  -95.0830,  -94.0094,  ..., -143.9830, -143.4238,
          -126.8057],
         [  88.9313,  102.9098,  101.4175,  ...,  143.9219,  145.8614,
           114.2130],
         [   6.6768,   -3.3127,   -4.5796,  ...,   -8.0364,  -14.2654,
             1.6209],
         ...,
         [  -8.7695,   -9.4005,  -10.7162,  ...,  -10.9883,   -3.0392,
            -7.6864],
         [  -7.8134,   -3.5773,   -4.3540,  ...,    2.9835,    3.6881,
             5.0339],
         [  -2.4650,   -7.0863,   -6.4872,  ...,    1.3166,    6.8688,
             8.1900]]])","[None, '/m/02v2lh', None, None, None]","[None, 'New-age music', None, None, None]"
"tensor([[[-10.1439, -15.8322,  -9.7291,  ...,  45.5259,  45.7055,  35.9984],
         [ 46.8495,  42.2947,  34.8147,  ...,  39.7361,  43.7815,  37.2185],
         [ -2.5914,  -1.0849,  -1.6374,  ...,   6.0233,   8.0242,   6.8942],
         ...,
         [ -0.6080,  -1.7751,  -1.0051,  ...,  -3.2053,  -0.1639,  -1.6943],
         [  0.5488,   0.9857,  -3.2769,  ...,  -1.2064,  -1.7909,   0.4416],
         [  8.4549,   4.3084,   6.0382,  ...,   0.7723,  -1.8445,  -1.2506]]])","[None, None, None, None, None]","[None, None, None, None, None]"
"tensor([[[  9.8619, -16.5552, -17.2805,  ...,  51.1106,  51.7192,  43.8371],
         [-18.1841, -33.7307, -36.8257,  ...,  34.9461,  27.7215,  20.0328],
         [-38.0039, -60.2546, -61.6499,  ..., -28.5583, -25.7858, -17.5418],
         ...,
         [ -7.3313,   5.1603,   4.0346,  ...,  -4.4913,  -7.6118,  -2.4680],
         [-12.7026,  -8.3457,  -6.9337,  ...,   5.7904,   3.1295,   8.1839],
         [ -5.3625,  -4.2108,   0.2318,  ...,  -4.0498,  -8.4444,  -1.8552]]])","[None, None, None, None, None]","[None, None, None, None, None]"
"tensor([[[ -6.2032,  -0.4155,  -3.3122,  ..., -22.2446, -36.1936, -45.5064],
         [ 33.9131,  39.3501,  42.2439,  ...,  55.5239,  46.4705,  34.0225],
         [  9.1952,   4.0506,   6.3024,  ...,  13.0995,  19.6541,  17.1407],
         ...,
         [ -2.6656,  -8.5662,  -1.6371,  ...,   1.0208,  -4.0482,  -1.4266],
         [ -4.2315,  -2.7290,  -1.1453,  ...,   2.2894,   0.0783,  -0.2026],
         [-11.6574,  -4.5461,  -4.6401,  ...,  -6.9512,  -7.9149,  -2.8820]]])","[None, None, None, None, None]","[None, None, None, None, None]"
"tensor([[[ 2.3817e+01,  3.4088e+01,  2.4817e+01,  ...,  1.0739e+01,
           6.5247e+00,  2.1537e+00],
         [ 3.4179e+01,  3.4454e+01,  3.8157e+01,  ...,  6.0809e+01,
           7.1025e+01,  7.2531e+01],
         [-1.0517e+01, -5.1821e+00, -1.4470e+01,  ..., -8.5316e+00,
          -4.6282e+00, -5.0057e+00],
         ...,
         [-5.4684e+00, -2.8372e+00, -4.4640e-01,  ..., -2.6779e+00,
           3.4194e-02,  3.1004e+00],
         [-1.4162e+01, -1.5636e+01, -1.3354e+01,  ..., -1.0598e+01,
          -5.4457e+00, -4.4152e+00],
         [-1.0686e+01, -1.1940e+01, -9.3632e+00,  ..., -5.1605e+00,
          -2.5913e+00,  4.4052e-01]]])","[None, '/m/0ggq0m', None, '/m/04wptg', None]","[None, 'Classical music', None, 'Wedding music', None]"
"tensor([[[-3.1014e+02, -3.1014e+02, -3.1014e+02,  ...,  5.9661e+00,
           3.1052e+00,  8.2089e+00],
         [ 3.3170e-05,  3.3170e-05,  3.3170e-05,  ...,  6.6479e+01,
           7.5292e+01,  6.9112e+01],
         [-2.2605e-05, -2.2605e-05, -2.2605e-05,  ..., -4.5566e+01,
          -4.8416e+01, -3.1559e+01],
         ...,
         [ 9.9307e-05,  9.9307e-05,  9.9307e-05,  ...,  7.4880e+00,
           5.5095e+00,  4.6168e+00],
         [-5.3840e-05, -5.3840e-05, -5.3840e-05,  ..., -4.4867e+00,
          -2.0474e+00, -3.6565e+00],
         [-1.9798e-05, -1.9798e-05, -1.9798e-05,  ..., -5.9109e+00,
          -4.5470e+00, -2.1374e+00]]])","[None, None, None, None, None]","[None, None, None, None, None]"
"tensor([[[35.6816, 32.6684, 32.2312,  ..., 65.4276, 65.4049, 57.4980],
         [61.8243, 64.8826, 62.6987,  ..., 17.5471, 20.9645, 19.5548],
         [-1.2914,  0.0678, -1.3070,  ..., 10.3958,  6.7574,  3.4003],
         ...,
         [10.4671, 12.5657,  9.6454,  ..., -7.2413,  5.3486, -5.3572],
         [13.8927, 17.2062, 14.0418,  ...,  0.8646, 11.8316,  5.0920],
         [11.5093,  8.7770,  4.3157,  ...,  2.2368,  1.0340, -2.3903]]])","[None, '/m/0glt670', None, None, None]","[None, 'Hip hop music', None, None, None]"
"tensor([[[  8.5995,   0.2964,   1.0795,  ..., -15.1342,  -7.2335,  -3.4676],
         [ 38.1342,  24.3076,  29.5861,  ...,   5.8664,   2.8455,   7.9609],
         [  9.6142,   6.3288,   1.2467,  ...,  15.3633,  13.7932,  13.8369],
         ...,
         [ -7.2263,  -6.9521,  -1.9655,  ...,   0.5154,   1.3434,  -3.3590],
         [  7.8559,  -7.4634,  -1.8733,  ...,  10.2441,   9.8455,   5.1631],
         [  3.7417,  -4.4256,  -5.1098,  ...,  -0.5734,  -3.5638,  -3.8129]]])","[None, '/m/02mscn', None, None, None]","[None, 'Christian music', None, None, None]"
"tensor([[[ 28.2358,  15.7429,  17.5754,  ...,  -6.2875,  -0.9882,  -0.6648],
         [ 39.6033,  31.8696,  35.1339,  ...,  26.0853,  21.2090,  21.4614],
         [ -6.4506,  -9.8247,  -5.8859,  ...,  11.2384,   8.3605,   5.9336],
         ...,
         [-12.0595, -13.2677, -10.0450,  ...,  -1.6321,  -1.5079,  -2.0284],
         [ -4.3586,  -5.9365,  -6.5277,  ...,   5.5484,   4.5096,   7.7702],
         [ -7.7130,  -2.4406,  -3.7940,  ...,  -0.5391,   0.1867,   5.1994]]])","['/m/0fx80y', None, None, None, None]","['Plucked string instrument', None, None, None, None]"
"tensor([[[  21.4703,   12.5933,   14.6216,  ...,  -60.5399,  -97.2417,
          -113.2259],
         [  27.8623,   29.8327,   25.5238,  ...,   29.6483,   26.1534,
            10.9446],
         [  -8.1640,  -11.7335,  -26.5428,  ...,   31.2872,   28.6252,
            28.8489],
         ...,
         [  -1.0339,   -4.3285,   -7.9462,  ...,   -3.5093,   -8.1461,
            -5.6064],
         [   1.6290,   -6.3501,   -0.6384,  ...,   -0.8922,   -4.9986,
             0.1174],
         [  -7.3993,   -3.0191,   -2.4183,  ...,   -4.6144,  -13.5447,
            -9.4667]]])","[None, None, None, None, None]","[None, None, None, None, None]"
"tensor([[[ 30.9458,  26.4666,  14.3708,  ...,  14.6347,  -6.1196, -38.1105],
         [ 60.1441,  68.1736,  65.9170,  ...,  63.6337,  72.0854,  54.8941],
         [  9.2990,   7.5849,  -1.1306,  ..., -23.9187, -25.7117,  -6.1930],
         ...,
         [ -4.1852,   0.0938,   0.1998,  ...,   5.5538,   2.3177,   3.5854],
         [  2.6023,   5.5593,   4.9907,  ...,  -3.4053,  -2.3574,  -4.4378],
         [ -3.9214,  -5.2763,  -6.7887,  ...,  -9.8291,  -2.6979,   7.8713]]])","[None, '/m/0164x2', None, None, None]","[None, 'Music of Africa', None, None, None]"
"tensor([[[ 54.6882,  40.7954,  31.1912,  ...,  38.1093,  39.2731,  32.8232],
         [ 29.3368,  22.2662,  24.5324,  ...,  32.1487,  31.3024,  27.9847],
         [-22.7198, -31.8908, -29.9897,  ..., -30.4099, -25.0660, -34.7420],
         ...,
         [-11.6797, -19.8200, -14.0226,  ...,  -0.4468,  -6.2033,  -7.0312],
         [ -2.6671,  -7.7706,  -6.8875,  ...,   5.2792,   0.6688,   1.0837],
         [ -2.3237,  -6.4174,  -2.3955,  ...,   6.0694,   2.4183,   3.7776]]])","['/m/0l14_3', None, None, '/m/04wptg', None]","['Bowed string instrument', None, None, 'Wedding music', None]"
"tensor([[[106.4908, 111.7667, 107.6198,  ...,  95.3175, 103.4741, 104.4977],
         [  7.2799,  12.1538,  11.8737,  ...,  35.2796,  29.7570,  17.5304],
         [  6.6441,   8.6250,  11.6264,  ...,  15.9096,  12.0015,   7.7923],
         ...,
         [  5.1254,  -3.9887,  -8.4370,  ...,  -0.4670,   1.5087,  -7.7950],
         [-11.3043,  -4.0508,  -4.1604,  ...,  -2.2599, -11.7791,  -4.5364],
         [ -5.4367,  -3.2442,  -4.4389,  ...,  -2.1534,  -5.7886,  -5.0125]]])","[None, None, None, None, None]","[None, None, None, None, None]"
"tensor([[[ 9.0970e+01,  7.4844e+01,  7.1105e+01,  ...,  2.9063e+01,
           2.7065e+01,  4.7355e+01],
         [ 2.7400e+01,  2.0975e+01,  1.9696e+01,  ...,  2.7385e+01,
           2.7211e+01,  4.8719e+01],
         [-5.2426e+01, -5.2015e+01, -4.8258e+01,  ..., -4.0925e+01,
          -4.0412e+01, -1.5540e+01],
         ...,
         [-8.1115e+00, -2.1820e+00, -8.5659e+00,  ...,  6.3881e+00,
           6.3768e+00,  9.8135e+00],
         [-5.1435e+00, -1.4093e+00,  1.0447e+00,  ...,  2.8883e-02,
           1.3470e+00,  4.8374e+00],
         [-6.5132e+00,  2.7718e+00,  4.7305e+00,  ...,  1.1153e+01,
           1.1732e+01,  4.2541e+00]]])","[None, None, None, None, None]","[None, None, None, None, None]"
"tensor([[[-1.0968e+02, -2.1596e+02, -2.1560e+02,  ..., -9.8038e+01,
          -9.4450e+01, -1.0456e+02],
         [ 1.4643e+01,  8.2211e+01,  8.9430e+01,  ...,  3.3766e+01,
           3.9612e+01,  3.3417e+01],
         [ 5.4196e+01,  4.5198e+01,  4.1315e+01,  ...,  1.1731e+01,
           2.0055e+01,  1.7406e+01],
         ...,
         [ 1.4726e+00,  4.9158e+00,  1.0054e+01,  ...,  6.7306e-01,
           7.3336e-01, -7.0094e-01],
         [ 6.0649e-01,  3.4262e+00,  2.3325e+00,  ..., -4.7956e+00,
           1.0852e+00, -3.6945e+00],
         [ 1.1145e-01, -8.6509e+00, -1.0044e+01,  ...,  5.3336e+00,
           1.0114e+01,  1.3972e+00]]])","[None, None, None, '/m/025td0t', None]","[None, None, None, 'Background music', None]"
"tensor([[[ 5.4435e+00, -2.4538e+01, -2.6699e+01,  ..., -1.9364e+02,
          -2.0782e+02, -2.0947e+02],
         [ 8.7031e+01,  9.0533e+01,  9.4846e+01,  ...,  1.7646e+01,
           1.3276e+01,  9.6774e+00],
         [-1.5865e+01, -1.2155e+01, -9.6401e+00,  ...,  1.1933e+01,
           1.4301e+01,  1.2859e+01],
         ...,
         [-3.6260e+00, -2.1812e+00, -1.5883e+00,  ...,  2.2295e+00,
           6.4676e+00,  3.8687e-01],
         [-5.9711e+00, -1.5127e+01, -1.6102e+01,  ...,  3.9037e+00,
           1.6703e+00,  1.4219e-01],
         [ 1.5864e-01, -2.2708e+00,  2.9519e-01,  ...,  4.5972e-01,
          -3.3577e+00, -1.8658e+00]]])","[None, None, None, None, None]","[None, None, None, None, None]"
"tensor([[[-47.8449, -48.7749, -49.7762,  ..., -27.8567, -31.8419, -36.1280],
         [ 33.2966,  34.0325,  38.8880,  ...,   2.4844,   5.5847,   1.2311],
         [  2.8811,  -8.1951, -12.7937,  ...,   7.1889,   8.4559,  -2.2711],
         ...,
         [  4.6658,   0.1753,  -6.1714,  ...,   7.1287,   5.5351,   3.8888],
         [  0.2128,   2.4472,   2.6022,  ...,  11.9800,  13.4927,   6.9548],
         [  0.5581,   2.3250,   9.2324,  ...,  -1.2189,  -0.2786,  -4.9912]]])","[None, '/m/06rqw', None, None, None]","[None, 'Ska', None, None, None]"
"tensor([[[ 15.1371,  20.4991,  13.8430,  ...,  39.2216,  43.9603,  46.0276],
         [ 34.7354,  28.3908,  27.5297,  ...,  11.0806,  11.7231,  24.1849],
         [-25.9260, -34.1438, -33.9208,  ..., -22.4818, -16.9064,  -1.7267],
         ...,
         [ -5.8214, -11.5804,  -7.2718,  ..., -12.5892,  -9.9110,   1.1077],
         [ -4.2649,  -4.5725,  -0.9867,  ...,  -5.0916,  -1.9748,   2.6709],
         [ -1.7918,  -4.1029,  -0.5555,  ...,   1.7443,   3.6770,   2.4578]]])","[None, None, None, '/m/02cjck', None]","[None, None, None, 'Theme music', None]"
"tensor([[[ 53.1585,  46.3599,  38.3002,  ...,  63.4636,  53.7560,  49.1240],
         [ 37.5557,  32.6303,  29.6256,  ...,  35.4772,  27.6545,  24.9830],
         [-18.6706, -19.0834, -23.0430,  ..., -26.5411, -25.4261, -21.7046],
         ...,
         [ -4.8425,  -2.5270,   4.0177,  ...,  -0.2278,  -4.2741,  -0.5846],
         [  1.1452,   1.1448,  -1.2770,  ...,  -7.5386,  -9.3598,   0.2650],
         [  5.4302,   1.4156,   1.5165,  ...,  -5.5785,  -6.7351,   0.2890]]])","[None, None, None, None, None]","[None, None, None, None, None]"
"tensor([[[-2.8226e+02, -2.8226e+02, -2.8226e+02,  ...,  7.8438e+01,
           9.6252e+01,  9.9244e+01],
         [ 1.2643e-05,  1.2643e-05,  1.2643e-05,  ...,  2.5960e+01,
           2.5164e+01,  3.2858e+01],
         [-9.9958e-06, -9.9958e-06, -9.9958e-06,  ..., -1.0866e+01,
          -4.8690e+00, -4.0892e+00],
         ...,
         [ 8.7729e-05,  8.7729e-05,  8.7729e-05,  ...,  2.7120e+00,
          -1.8896e+00,  4.6672e+00],
         [-5.0569e-05, -5.0569e-05, -5.0569e-05,  ..., -3.8966e+00,
          -5.8679e+00, -1.4888e+00],
         [-1.6230e-05, -1.6230e-05, -1.6230e-05,  ...,  3.5444e+00,
          -2.9385e+00, -2.3126e+00]]])","[None, None, None, None, None]","[None, None, None, None, None]"
"tensor([[[ 46.9787,  38.5791,  34.1788,  ...,   4.7707,   8.2522,  -7.9755],
         [ 38.7409,  43.2332,  36.4426,  ...,  59.1625,  56.2302,  52.7027],
         [ -8.5351,  -8.1881,  -8.3530,  ...,   3.0057,  -0.2076,   8.4010],
         ...,
         [ -9.0781, -11.4624, -10.8770,  ...,   3.7198,   1.8047,   4.3226],
         [  3.2877,   4.4018,   2.4867,  ...,   4.2629,   4.1636,  -3.5666],
         [ -0.3818,   1.7219,  -2.0592,  ...,  -1.2468,  -3.5251,  -7.0666]]])","[None, '/m/02mscn', '/m/074ft', None, None]","[None, 'Christian music', 'Song', None, None]"
"tensor([[[ 46.2452,  44.1456,  45.9393,  ...,  52.8012,  39.7571,  45.3913],
         [-16.9080, -18.8583, -17.5187,  ...,  -9.8382,  -1.6124,  11.9696],
         [-19.2435, -17.0396, -13.6000,  ...,   3.9695,   9.3907,  18.6455],
         ...,
         [-14.6570, -13.4720, -14.7988,  ..., -10.4315, -13.4899,  -9.0954],
         [-11.0734,  -4.5953,  -4.6091,  ...,  -9.2829, -10.5872,  -4.1937],
         [ -7.5566, -12.2828,  -4.8271,  ..., -15.7370, -27.6530, -13.4782]]])","[None, '/m/02lkt', None, None, None]","[None, 'Electronic music', None, None, None]"
"tensor([[[  9.6215,  -5.6079, -10.8722,  ..., -39.4753, -37.0530, -23.2319],
         [  2.7284,  30.4143,  42.3557,  ...,  61.2996,  59.0791,  52.2493],
         [  1.7479,  -6.5664,  -6.8405,  ..., -29.9727, -35.7102, -26.7753],
         ...,
         [ -2.3787,   2.4183,   7.1822,  ...,  -7.7608,  -9.2377,  -2.6314],
         [ -6.6331,  -2.4898,  -2.1703,  ...,  -5.1690,  -7.4866,  -6.8312],
         [  2.4993,  -4.3692,  -6.5035,  ...,   0.9970,  -3.2587,  -4.5645]]])","[None, None, None, None, None]","[None, None, None, None, None]"
"tensor([[[ 2.2898e+01, -4.2434e+01, -2.4034e+01,  ..., -3.8429e+01,
          -3.4453e+01, -1.0186e+01],
         [-1.1216e+01, -4.5173e+00,  1.6712e+01,  ..., -1.1691e+00,
           3.7303e+00,  1.4933e+01],
         [-3.0126e+01, -2.1994e+01, -1.9519e+01,  ...,  1.5375e+01,
           1.8927e+01,  3.6980e-02],
         ...,
         [ 3.3122e+00,  2.3923e+01,  2.6465e+01,  ..., -6.3127e+00,
          -7.3583e+00, -2.6522e+00],
         [ 8.5369e+00,  1.7031e+01,  1.4175e+01,  ..., -1.5399e+01,
          -1.5912e+01, -1.2285e+00],
         [-1.5767e+01, -2.8654e+01, -2.7183e+01,  ...,  5.7927e+00,
           2.2712e+00,  3.3225e+00]]])","[None, None, None, None, None]","[None, None, None, None, None]"
"tensor([[[  2.3349,  -4.3060,  -1.9419,  ...,  -0.8558,   3.5241,   3.5961],
         [ 74.3332,  83.5522,  85.2029,  ...,  71.6056,  75.8543,  60.6442],
         [ 10.6128,  -0.8284,  -7.7784,  ...,  -7.3242,  -9.3511,  -0.8943],
         ...,
         [ -3.8203,  -5.4327,  -0.7830,  ..., -15.3808, -13.8859,  -9.7119],
         [  8.1097,  19.3312,  21.3863,  ...,   6.0244,  12.2854,   1.5758],
         [ -2.7475,  -7.8742,  -7.6690,  ...,  -2.6709,  -3.6853,   0.2586]]])","['/m/0fx80y', None, None, None, None]","['Plucked string instrument', None, None, None, None]"
"tensor([[[-94.7342, -99.1702, -99.4547,  ..., -33.3198, -44.7428, -27.1127],
         [104.1144, 109.3191, 108.8704,  ...,  76.3504,  63.7620,  83.7927],
         [  4.7818,  -2.5924,   2.2483,  ...,  -0.3256,  -7.2192,   7.0182],
         ...,
         [  6.9046,  -0.1665,  -0.2546,  ...,   9.7184,   8.0406,  -2.0910],
         [  4.1856,   3.1914,   1.2822,  ...,  25.2603,  28.1146,  13.1214],
         [ -5.6436,   0.9983,  -5.9135,  ...,  11.0365,  13.4536,  11.9811]]])","[None, None, None, None, None]","[None, None, None, None, None]"
"tensor([[[-28.8374, -32.1206, -56.7891,  ..., -53.3489, -59.0523, -66.9300],
         [ 23.5587,  25.2440,  32.8695,  ...,  53.5431,  50.7987,  42.7020],
         [-19.8797, -18.8387, -23.5563,  ..., -30.9499, -18.2039, -19.4965],
         ...,
         [  3.4273,  -0.7159,   4.4676,  ..., -16.5764,  -6.7869, -14.1902],
         [ -0.1167,   1.1340,  12.2988,  ...,  -4.9285,  -4.9999,  -5.1679],
         [ 13.7408,  13.3243,   7.7906,  ...,  -6.0492,  -0.0799,  -1.1375]]])","[None, None, None, None, None]","[None, None, None, None, None]"
"tensor([[[ 30.2588,  26.4886,  32.5335,  ..., -38.7205, -37.6590, -37.5376],
         [ 45.0768,  42.6093,  44.4979,  ...,  16.7391,  16.6597,  26.2605],
         [-15.7705, -16.0971, -18.3661,  ...,  -6.4116, -15.0294,  -0.9959],
         ...,
         [  0.2038,  -3.6418,  -3.2805,  ...,  -8.3760,  -3.5670,  -3.4216],
         [-10.8234, -10.0450,  -9.7029,  ...,   7.1466,   8.6262,   5.8979],
         [ -5.8158, -11.6760,  -1.0817,  ...,  -6.8616,  -4.9045,  -3.9352]]])","[None, None, None, None, None]","[None, None, None, None, None]"
"tensor([[[ 5.9227e+01,  5.2771e+01,  5.2208e+01,  ...,  6.1222e+01,
           5.9699e+01,  6.0918e+01],
         [ 3.6631e+01,  3.8770e+01,  4.1532e+01,  ...,  2.0455e+01,
           2.5066e+01,  2.4552e+01],
         [-1.4004e+00, -2.3701e+00,  3.6846e+00,  ...,  6.5071e+00,
           5.1058e+00,  1.2806e+01],
         ...,
         [ 2.1307e-03, -8.0719e+00, -5.6777e+00,  ..., -7.1174e+00,
          -5.4878e+00, -7.0753e+00],
         [-6.3171e+00, -1.2179e+01, -1.2341e+01,  ..., -4.3915e+00,
          -5.0131e+00, -3.5653e+00],
         [-4.0958e+00, -3.6911e+00, -3.5645e+00,  ..., -6.3773e+00,
          -6.0949e+00, -5.6811e+00]]])","[None, '/m/064t9', None, None, None]","[None, 'Pop music', None, None, None]"
"tensor([[[-23.3820, -28.8482, -32.9565,  ..., -62.0122, -46.7663, -51.7366],
         [ 35.5046,  37.9552,  37.3945,  ...,  45.2208,  26.7776,  30.1311],
         [  4.5670,  -5.8871,   2.0960,  ...,  18.3350,  19.7676,  14.9419],
         ...,
         [ -6.1878,   0.3745,  -4.5296,  ...,   2.4589,   6.7374,   9.1019],
         [  4.8508,   3.3719,  -1.1101,  ...,   0.5311,   5.0994,   1.0779],
         [  3.0373,   1.6589,  -3.5991,  ...,  -2.8864,  -8.3619, -11.5880]]])","[None, None, None, None, '/t/dd00032']","[None, None, None, None, 'Funny music']"
"tensor([[[ 2.1148e+01, -2.3372e+01, -2.1846e+01,  ...,  1.0746e+01,
           6.3019e+00, -5.4903e+00],
         [ 7.4223e+01,  1.0316e+02,  1.0472e+02,  ...,  1.0707e+02,
           1.0778e+02,  8.7985e+01],
         [ 9.3023e-01, -1.3228e+01, -1.2012e+01,  ..., -5.7773e+00,
          -1.2722e+01,  1.0491e+01],
         ...,
         [-3.6977e+00, -9.5862e+00, -1.0852e+01,  ..., -1.0121e+01,
          -9.1947e+00, -5.3122e+00],
         [ 4.6376e-01, -6.7461e+00, -4.3882e+00,  ...,  2.8617e+00,
           1.4241e+00, -1.0688e-01],
         [-3.0139e-02, -1.2454e+00, -1.1369e+00,  ...,  8.8792e+00,
           4.1540e+00, -4.1367e-01]]])","['/m/02bxd', None, None, None, None]","['Didgeridoo', None, None, None, None]"
"tensor([[[-3.1786e+02, -3.1786e+02, -3.1786e+02,  ..., -1.7467e+02,
          -1.6801e+02, -1.3722e+02],
         [ 1.7231e-05,  1.7231e-05,  1.7231e-05,  ...,  2.9016e+01,
           3.6964e+01,  5.0066e+01],
         [-1.3764e-05, -1.3764e-05, -1.3764e-05,  ..., -2.5280e+01,
          -1.8462e+01, -2.9600e+01],
         ...,
         [ 9.9569e-05,  9.9569e-05,  9.9569e-05,  ..., -1.5663e+01,
          -1.5388e+01, -5.9471e+00],
         [-5.3704e-05, -5.3704e-05, -5.3704e-05,  ..., -1.0276e+01,
          -1.2788e+01, -6.4971e+00],
         [-1.9143e-05, -1.9143e-05, -1.9143e-05,  ...,  1.6080e+01,
           1.6504e+01,  1.6837e+01]]])","[None, None, None, None, None]","[None, None, None, None, None]"
"tensor([[[-72.1654, -65.5260, -65.5190,  ..., -72.2130, -76.3236, -78.4018],
         [-21.4863, -11.7726,  -9.2738,  ..., -28.6938, -33.4534, -25.7785],
         [-13.8541,  -8.1692,  -8.1398,  ...,  -4.2425,  -1.5859,   1.7505],
         ...,
         [-11.0787,  -8.4328,  -7.1628,  ..., -11.6419,  -4.7978, -10.5495],
         [ -0.0930,   1.3683,   2.1180,  ...,  -5.3834,   0.8676,  -4.1422],
         [-10.3365,  -2.2505,   2.0118,  ...,  -6.9786,  -7.8528,  -4.8849]]])","[None, None, None, None, None]","[None, None, None, None, None]"
"tensor([[[-1.6359e+01, -3.1798e+01, -3.0657e+01,  ..., -3.7520e+01,
          -7.6707e+00,  2.5954e+01],
         [ 4.8092e+01,  4.8563e+01,  5.4092e+01,  ...,  2.0098e+01,
           2.6195e+01,  3.2413e+01],
         [ 3.3591e+01,  2.1902e+01,  1.1094e+01,  ...,  2.5439e+01,
           3.2805e+01,  1.7285e+01],
         ...,
         [-9.6524e-01, -8.5439e+00, -7.5507e+00,  ..., -3.5218e+00,
          -4.7035e+00, -3.2549e+00],
         [-4.6250e+00,  5.4081e+00, -7.2640e-01,  ...,  4.5522e+00,
          -3.4061e+00,  3.0794e+00],
         [-2.4850e+00, -1.2576e+01, -5.1173e+00,  ...,  4.7103e-02,
          -3.3893e+00,  9.3323e-01]]])","[None, '/m/06j64v', None, None, None]","[None, 'Middle Eastern music', None, None, None]"
"tensor([[[-16.7881, -82.0862, -76.7298,  ..., -40.9684, -33.2204, -21.7618],
         [ 55.7750, 113.2604, 118.7085,  ...,  91.9337,  80.4166,  83.1151],
         [ 61.5790,  31.3986,  35.7303,  ...,  22.0995,  26.5585,  19.0660],
         ...,
         [  7.4053,   6.5390,  11.4532,  ...,   8.8632,   9.0009,   5.2298],
         [  5.0598,   9.6021,   7.4647,  ...,   6.6938,   5.3582,   6.7455],
         [ -1.9397,  -7.4591, -13.6652,  ..., -11.7390,  -5.9554,   0.2304]]])","['/m/0fx80y', None, None, None, None]","['Plucked string instrument', None, None, None, None]"
"tensor([[[ 65.0752,  60.5533,  90.1704,  ...,  65.8919,  68.5016,  64.5639],
         [ 30.7019,  40.9111,  49.5867,  ...,  44.0058,  36.2232,  27.1623],
         [-15.8309, -14.3450, -14.2780,  ...,   4.0158,   3.3910,  -1.3187],
         ...,
         [  4.6170,   3.6218,   7.5509,  ...,  -2.8809,   1.4006,  -1.1548],
         [  4.4792,   5.3594,   0.3253,  ...,  -7.6398, -11.8765, -10.6127],
         [ -0.8435,  -4.5971,  -5.5442,  ...,  -0.1753,   7.8933,   1.6517]]])","[None, '/m/01lyv', None, None, None]","[None, 'Country', None, None, None]"
"tensor([[[-1.4035e+01, -2.6138e+01, -2.2849e+01,  ..., -2.3085e+02,
          -2.3184e+02, -1.9598e+02],
         [ 7.4145e+01,  7.9949e+01,  6.2558e+01,  ...,  8.3326e+01,
           7.5795e+01,  4.0887e+01],
         [-1.1182e+01, -1.7134e+01, -6.9178e+00,  ...,  2.2952e+01,
           1.6460e+01,  1.1182e+01],
         ...,
         [-3.0225e+00, -1.2002e+01, -9.3028e+00,  ...,  1.9885e-01,
           6.1488e-01, -7.1966e-01],
         [ 2.4364e+00,  6.7473e-01,  1.5087e+00,  ..., -2.7556e+00,
          -7.6492e+00, -2.0624e+00],
         [-1.3108e+00, -3.0364e+00, -3.5806e+00,  ..., -2.6711e+00,
          -4.2598e+00, -4.4030e+00]]])","['/m/0fx80y', '/m/0g293', None, None, None]","['Plucked string instrument', 'Music of Latin America', None, None, None]"
"tensor([[[ 6.8117e+01,  7.4804e+01,  7.3212e+01,  ..., -2.8213e+02,
          -2.8213e+02, -2.8213e+02],
         [-2.4769e+01, -1.2605e+01, -2.1542e+01,  ...,  4.5546e-06,
           4.5546e-06,  4.5546e-06],
         [ 1.3606e+01,  2.1926e+00,  4.4051e+00,  ..., -9.0880e-06,
          -9.0880e-06, -9.0880e-06],
         ...,
         [ 1.3252e+00, -7.0777e+00, -8.3118e+00,  ...,  8.7433e-05,
           8.7433e-05,  8.7433e-05],
         [-1.6531e+00, -3.3988e+00,  6.3388e-01,  ..., -5.1717e-05,
          -5.1717e-05, -5.1717e-05],
         [-8.3750e+00, -6.0722e+00, -1.2326e+01,  ..., -1.7427e-05,
          -1.7427e-05, -1.7427e-05]]])","[None, None, None, None, None]","[None, None, None, None, None]"
"tensor([[[-34.0032, -34.4726, -32.4018,  ...,  79.0256,  71.9230,  68.9359],
         [ 26.2152,  31.1464,  37.7401,  ...,  28.5781,  16.4247,  17.0842],
         [  6.6042,   3.2093,   3.0368,  ...,  13.7491,   9.0869,   7.6870],
         ...,
         [-10.6392, -11.7678,  -8.4082,  ...,  -0.2865,  -2.9085,   2.8420],
         [  3.8192,   0.9728,   2.3291,  ...,   3.2236,  -6.3068,   5.2488],
         [  6.9270,   3.9835,   9.1238,  ...,   0.1229,  -7.1424, -10.7310]]])","[None, None, None, None, None]","[None, None, None, None, None]"
"tensor([[[ 14.7275,  14.4609,  12.1014,  ..., -22.7099,   6.2770,  -5.5713],
         [ 29.8110,  32.6419,  35.9674,  ...,  26.9001,   9.0220,  15.8520],
         [  7.3901,  12.5632,   9.6641,  ...,  22.6701,  27.3478,  24.0891],
         ...,
         [ -3.2678,  -4.3285,  -8.1557,  ...,  -4.1815,  -2.9898,  -3.7690],
         [ -6.8674,   0.5848,  -3.6224,  ...,   1.8161,  -4.1094,  -5.1769],
         [  1.9707,  -1.9148,  -2.1178,  ...,  -6.1674,  -7.5285,  -5.6453]]])","[None, '/m/06rqw', None, None, None]","[None, 'Ska', None, None, None]"
"tensor([[[-3.6703e+02, -3.6703e+02, -3.6703e+02,  ..., -2.3201e+02,
          -2.4151e+02, -2.2304e+02],
         [ 2.9937e-05,  2.9937e-05,  2.9937e-05,  ...,  1.9967e+01,
           1.5948e+01,  8.6872e+00],
         [-2.9837e-05, -2.9837e-05, -2.9837e-05,  ..., -4.6934e+01,
          -5.3287e+01, -4.1826e+01],
         ...,
         [ 1.1514e-04,  1.1514e-04,  1.1514e-04,  ..., -1.4804e+01,
          -8.9153e+00, -6.0930e+00],
         [-6.3922e-05, -6.3922e-05, -6.3922e-05,  ..., -1.1125e+01,
          -1.4171e+01, -1.0975e+01],
         [-2.4606e-05, -2.4606e-05, -2.4606e-05,  ...,  8.5669e+00,
           9.5906e+00,  8.6268e+00]]])","[None, None, None, None, None]","[None, None, None, None, None]"
"tensor([[[ 42.3920,  14.9483,  21.3755,  ..., -51.0147, -44.6596, -46.1025],
         [ -7.5508,  25.5333,  18.6902,  ...,  58.2069,  58.7843,  56.8615],
         [-31.1663, -48.1068, -46.6619,  ...,  -4.9120,  -8.4592, -15.9170],
         ...,
         [ -1.9138, -21.7735, -19.1289,  ...,  -6.9687,  -8.9289, -10.0557],
         [ 14.5321,   6.1245,  -7.0296,  ...,  10.6759,   5.2630,  16.8086],
         [ 11.6869,  10.5133,   4.1044,  ...,   4.8593,  -2.5676,   4.4134]]])","[None, None, None, None, None]","[None, None, None, None, None]"
"tensor([[[-35.9599, -20.9071, -11.9686,  ...,   1.7658,   1.8514,   6.9613],
         [  3.5596,  11.0782,   9.0747,  ...,  44.5595,  28.3589,  26.9565],
         [ 28.0197,   9.2141,  13.4556,  ...,   7.4739,   8.7042,  -0.3593],
         ...,
         [  0.3616,  -0.7137,  -5.7216,  ...,   6.2421,   1.5531,   2.8280],
         [ -3.0334,   6.4648,   6.9943,  ...,  -1.3498,  -0.5336,  -4.0028],
         [  1.0537,   1.8366,   3.5785,  ...,  -0.3837,   6.3310,   3.3070]]])","[None, None, None, None, None]","[None, None, None, None, None]"
"tensor([[[ 23.4409,  23.1549,  20.3336,  ...,  12.7232,  17.8043,  12.7293],
         [-24.8072, -25.5520, -34.3123,  ..., -42.7093, -41.1275, -40.5113],
         [-34.8605, -27.3462, -31.6650,  ..., -28.8740, -27.3543, -23.4188],
         ...,
         [ -6.5166,  -4.9924, -13.9989,  ...,  -1.4580,  -6.0595,   1.2862],
         [  2.6350,   8.7606,   1.4216,  ...,  -2.0971,  -4.5209,   2.7944],
         [  0.7768,  -2.2131,  -6.8316,  ...,   1.4348,  -0.3724,   6.2338]]])","[None, None, None, None, None]","[None, None, None, None, None]"
